0.25,0,=-0.2941*A1*A1*A1*A1+ 5.7446*A1*A1*A1 - 40.396*A1*A1 + 108.91*A1-25.884,0.001,=( -0.2941*4*A1*A1*A1 + 5.7446*3*A1*A1 - 40.396*2*A1 + 108.91)*A1/B1,=1.0781*A1^3 - 17.218*A1^2 + 71.931*A1 - 15.297,= -4.5576*A1^2 + 35.019*A1 - 0.928,=1.017*A1 + 21.458,=AVERAGE(A:A),=AVERAGE(B:B),= -0.2941x4 + 5.7446x3 - 40.396x2 + 108.91x - 25.884,,3rd order,2nd,1st,,,0.25,0.15207650196379804
0.25,0,=-0.2941*A2*A2*A2*A2+ 5.7446*A2*A2*A2 - 40.396*A2*A2 + 108.91*A2-25.884,0.0012,=( -0.2941*4*A2*A2*A2 + 5.7446*3*A2*A2 - 40.396*2*A2 + 108.91)*A2/B2,=1.0781*A2^3 - 17.218*A2^2 + 71.931*A2 - 15.297,= -4.5576*A2^2 + 35.019*A2 - 0.928,=1.017*A2 + 21.458,=STDEV(A:A),=STDEV(B:B),,,R² = 0.9486,R² = 0.7825,0.0146,,,0.25,0.1318957339306872
0.25,0,=-0.2941*A3*A3*A3*A3+ 5.7446*A3*A3*A3 - 40.396*A3*A3 + 108.91*A3-25.884,0.00143999999999999,=( -0.2941*4*A3*A3*A3 + 5.7446*3*A3*A3 - 40.396*2*A3 + 108.91)*A3/B3,=1.0781*A3^3 - 17.218*A3^2 + 71.931*A3 - 15.297,= -4.5576*A3^2 + 35.019*A3 - 0.928,=1.017*A3 + 21.458,,,,,"""=1.0781*A1^3 - 17.218*A1^2 + 71.931*A1 - 15.297""","""-4.5576*A1^2 + 35.019*A1 - 0.928",,,,0.25,0.14457142784090915
0.25,0,=-0.2941*A4*A4*A4*A4+ 5.7446*A4*A4*A4 - 40.396*A4*A4 + 108.91*A4-25.884,0.00172799999999999,=( -0.2941*4*A4*A4*A4 + 5.7446*3*A4*A4 - 40.396*2*A4 + 108.91)*A4/B4,=1.0781*A4^3 - 17.218*A4^2 + 71.931*A4 - 15.297,= -4.5576*A4^2 + 35.019*A4 - 0.928,=1.017*A4 + 21.458,,,,,,,,,,0.25,0.1388029918173318
0.25,0,=-0.2941*A5*A5*A5*A5+ 5.7446*A5*A5*A5 - 40.396*A5*A5 + 108.91*A5-25.884,0.00207359999999999,=( -0.2941*4*A5*A5*A5 + 5.7446*3*A5*A5 - 40.396*2*A5 + 108.91)*A5/B5,=1.0781*A5^3 - 17.218*A5^2 + 71.931*A5 - 15.297,= -4.5576*A5^2 + 35.019*A5 - 0.928,=1.017*A5 + 21.458,,,,,,,,,,0.25,0.13984924552449762
0.25,0,=-0.2941*A6*A6*A6*A6+ 5.7446*A6*A6*A6 - 40.396*A6*A6 + 108.91*A6-25.884,0.00248831999999999,=( -0.2941*4*A6*A6*A6 + 5.7446*3*A6*A6 - 40.396*2*A6 + 108.91)*A6/B6,=1.0781*A6^3 - 17.218*A6^2 + 71.931*A6 - 15.297,= -4.5576*A6^2 + 35.019*A6 - 0.928,=1.017*A6 + 21.458,,,,,,,,,,0.25,0.13709359536637947
0.25,0,=-0.2941*A7*A7*A7*A7+ 5.7446*A7*A7*A7 - 40.396*A7*A7 + 108.91*A7-25.884,0.00298598399999999,=( -0.2941*4*A7*A7*A7 + 5.7446*3*A7*A7 - 40.396*2*A7 + 108.91)*A7/B7,=1.0781*A7^3 - 17.218*A7^2 + 71.931*A7 - 15.297,= -4.5576*A7^2 + 35.019*A7 - 0.928,=1.017*A7 + 21.458,,,,,,,,,,0.25,0.13379807624699525
0.25,0,=-0.2941*A8*A8*A8*A8+ 5.7446*A8*A8*A8 - 40.396*A8*A8 + 108.91*A8-25.884,0.00358318079999999,=( -0.2941*4*A8*A8*A8 + 5.7446*3*A8*A8 - 40.396*2*A8 + 108.91)*A8/B8,=1.0781*A8^3 - 17.218*A8^2 + 71.931*A8 - 15.297,= -4.5576*A8^2 + 35.019*A8 - 0.928,=1.017*A8 + 21.458,,,,,,,,,,0.25,0.1328400947941528
0.25,0,=-0.2941*A9*A9*A9*A9+ 5.7446*A9*A9*A9 - 40.396*A9*A9 + 108.91*A9-25.884,0.00429981695999999,=( -0.2941*4*A9*A9*A9 + 5.7446*3*A9*A9 - 40.396*2*A9 + 108.91)*A9/B9,=1.0781*A9^3 - 17.218*A9^2 + 71.931*A9 - 15.297,= -4.5576*A9^2 + 35.019*A9 - 0.928,=1.017*A9 + 21.458,,,,,,,,,,0.25,0.13575609687500007
0.256533101045296,0,=-0.2941*A10*A10*A10*A10+ 5.7446*A10*A10*A10 - 40.396*A10*A10 + 108.91*A10-25.884,0.00515978035199999,=( -0.2941*4*A10*A10*A10 + 5.7446*3*A10*A10 - 40.396*2*A10 + 108.91)*A10/B10,=1.0781*A10^3 - 17.218*A10^2 + 71.931*A10 - 15.297,= -4.5576*A10^2 + 35.019*A10 - 0.928,=1.017*A10 + 21.458,,,,,,,,,,0.256533101045296,0.137498863246167
0.272212543554006,0,=-0.2941*A11*A11*A11*A11+ 5.7446*A11*A11*A11 - 40.396*A11*A11 + 108.91*A11-25.884,0.00619173642239999,=( -0.2941*4*A11*A11*A11 + 5.7446*3*A11*A11 - 40.396*2*A11 + 108.91)*A11/B11,=1.0781*A11^3 - 17.218*A11^2 + 71.931*A11 - 15.297,= -4.5576*A11^2 + 35.019*A11 - 0.928,=1.017*A11 + 21.458,,,,Variable,Model 1 (1st order),Model 2 (2nd order),Model 3 (3rd order),Model 4 (4th order),,0.272212543554006,0.14269869898428258
0.289198606271777,0,=-0.2941*A12*A12*A12*A12+ 5.7446*A12*A12*A12 - 40.396*A12*A12 + 108.91*A12-25.884,0.00743008370687999,=( -0.2941*4*A12*A12*A12 + 5.7446*3*A12*A12 - 40.396*2*A12 + 108.91)*A12/B12,=1.0781*A12^3 - 17.218*A12^2 + 71.931*A12 - 15.297,= -4.5576*A12^2 + 35.019*A12 - 0.928,=1.017*A12 + 21.458,,,,Intercept,21.46(5.321)***,-0.9280(3.140),-15.297(1.997)***,-25.884(0.9949)***,,0.289198606271777,0.14416093794713655
0.32273519163763,0.871080139372822,=-0.2941*A13*A13*A13*A13+ 5.7446*A13*A13*A13 - 40.396*A13*A13 + 108.91*A13-25.884,0.00891610044825599,=( -0.2941*4*A13*A13*A13 + 5.7446*3*A13*A13 - 40.396*2*A13 + 108.91)*A13/B13,=1.0781*A13^3 - 17.218*A13^2 + 71.931*A13 - 15.297,= -4.5576*A13^2 + 35.019*A13 - 0.928,=1.017*A13 + 21.458,,,,x,1.017(1.291),35.019(2.892)***,71.931(3.546)***,108.91(2.670)***,,0.32273519163763,0.14416649664721806
0.355400696864111,3.83275261324041,=-0.2941*A14*A14*A14*A14+ 5.7446*A14*A14*A14 - 40.396*A14*A14 + 108.91*A14-25.884,0.0106993205379071,=( -0.2941*4*A14*A14*A14 + 5.7446*3*A14*A14 - 40.396*2*A14 + 108.91)*A14/B14,=1.0781*A14^3 - 17.218*A14^2 + 71.931*A14 - 15.297,= -4.5576*A14^2 + 35.019*A14 - 0.928,=1.017*A14 + 21.458,,,,x^2,-,-4.5576(0.3788)***,-17.218(1.129)***,-40.396(1.516)***,,0.355400696864111,0.1568103973158158
0.401567944250871,7.3170731707317,=-0.2941*A15*A15*A15*A15+ 5.7446*A15*A15*A15 - 40.396*A15*A15 + 108.91*A15-25.884,0.0128391846454886,=( -0.2941*4*A15*A15*A15 + 5.7446*3*A15*A15 - 40.396*2*A15 + 108.91)*A15/B15,=1.0781*A15^3 - 17.218*A15^2 + 71.931*A15 - 15.297,= -4.5576*A15^2 + 35.019*A15 - 0.928,=1.017*A15 + 21.458,,,,x^3,-,-,1.0781(0.09485)***,5.7446(0.2956)***,,0.401567944250871,0.15301995672141644
0.477787456445993,16.2020905923344,=-0.2941*A16*A16*A16*A16+ 5.7446*A16*A16*A16 - 40.396*A16*A16 + 108.91*A16-25.884,0.0154070215745863,=( -0.2941*4*A16*A16*A16 + 5.7446*3*A16*A16 - 40.396*2*A16 + 108.91)*A16/B16,=1.0781*A16^3 - 17.218*A16^2 + 71.931*A16 - 15.297,= -4.5576*A16^2 + 35.019*A16 - 0.928,=1.017*A16 + 21.458,,,,x^4,-,-,-,-0.2941(0.01849)***,,0.477787456445993,0.16257750117362435
0.547909407665505,21.4285714285714,=-0.2941*A17*A17*A17*A17+ 5.7446*A17*A17*A17 - 40.396*A17*A17 + 108.91*A17-25.884,0.0184884258895036,=( -0.2941*4*A17*A17*A17 + 5.7446*3*A17*A17 - 40.396*2*A17 + 108.91)*A17/B17,=1.0781*A17^3 - 17.218*A17^2 + 71.931*A17 - 15.297,= -4.5576*A17^2 + 35.019*A17 - 0.928,=1.017*A17 + 21.458,,,,N,44,44,44,44,,0.547909407665505,0.16038217483655798
0.655923344947735,31.5331010452961,=-0.2941*A18*A18*A18*A18+ 5.7446*A18*A18*A18 - 40.396*A18*A18 + 108.91*A18-25.884,0.0221861110674043,=( -0.2941*4*A18*A18*A18 + 5.7446*3*A18*A18 - 40.396*2*A18 + 108.91)*A18/B18,=1.0781*A18^3 - 17.218*A18^2 + 71.931*A18 - 15.297,= -4.5576*A18^2 + 35.019*A18 - 0.928,=1.017*A18 + 21.458,,,,r^2,0.0146,0.7825,0.9486,0.9931,,0.655923344947735,0.15597748523985788
0.764808362369338,37.4564459930313,=-0.2941*A19*A19*A19*A19+ 5.7446*A19*A19*A19 - 40.396*A19*A19 + 108.91*A19-25.884,0.0266233332808852,=( -0.2941*4*A19*A19*A19 + 5.7446*3*A19*A19 - 40.396*2*A19 + 108.91)*A19/B19,=1.0781*A19^3 - 17.218*A19^2 + 71.931*A19 - 15.297,= -4.5576*A19^2 + 35.019*A19 - 0.928,=1.017*A19 + 21.458,,,,(std. error in parentheses),,,,,,0.764808362369338,0.1441563210560224
0.896341463414634,46.6898954703832,=-0.2941*A20*A20*A20*A20+ 5.7446*A20*A20*A20 - 40.396*A20*A20 + 108.91*A20-25.884,0.0319479999370622,=( -0.2941*4*A20*A20*A20 + 5.7446*3*A20*A20 - 40.396*2*A20 + 108.91)*A20/B20,=1.0781*A20^3 - 17.218*A20^2 + 71.931*A20 - 15.297,= -4.5576*A20^2 + 35.019*A20 - 0.928,=1.017*A20 + 21.458,,,,Significance,,,,,,0.896341463414634,0.12228903734678327
1.06620209059233,55.0522648083623,=-0.2941*A21*A21*A21*A21+ 5.7446*A21*A21*A21 - 40.396*A21*A21 + 108.91*A21-25.884,0.0383375999244747,=( -0.2941*4*A21*A21*A21 + 5.7446*3*A21*A21 - 40.396*2*A21 + 108.91)*A21/B21,=1.0781*A21^3 - 17.218*A21^2 + 71.931*A21 - 15.297,= -4.5576*A21^2 + 35.019*A21 - 0.928,=1.017*A21 + 21.458,,,,* 0.05,,,,,,1.06620209059233,0.08276304280231164
1.27482578397212,61.1498257839721,=-0.2941*A22*A22*A22*A22+ 5.7446*A22*A22*A22 - 40.396*A22*A22 + 108.91*A22-25.884,0.0460051199093696,=( -0.2941*4*A22*A22*A22 + 5.7446*3*A22*A22 - 40.396*2*A22 + 108.91)*A22/B22,=1.0781*A22^3 - 17.218*A22^2 + 71.931*A22 - 15.297,= -4.5576*A22^2 + 35.019*A22 - 0.928,=1.017*A22 + 21.458,,,,** 0.01,,,,,,1.27482578397212,0.01757878712111493
1.53527874564459,66.7247386759581,=-0.2941*A23*A23*A23*A23+ 5.7446*A23*A23*A23 - 40.396*A23*A23 + 108.91*A23-25.884,0.0552061438912435,=( -0.2941*4*A23*A23*A23 + 5.7446*3*A23*A23 - 40.396*2*A23 + 108.91)*A23/B23,=1.0781*A23^3 - 17.218*A23^2 + 71.931*A23 - 15.297,= -4.5576*A23^2 + 35.019*A23 - 0.928,=1.017*A23 + 21.458,,,,*** 0.001,,,,,,1.53527874564459,-0.08190747738988186
1.84320557491289,69.1637630662021,=-0.2941*A24*A24*A24*A24+ 5.7446*A24*A24*A24 - 40.396*A24*A24 + 108.91*A24-25.884,0.0662473726694923,=( -0.2941*4*A24*A24*A24 + 5.7446*3*A24*A24 - 40.396*2*A24 + 108.91)*A24/B24,=1.0781*A24^3 - 17.218*A24^2 + 71.931*A24 - 15.297,= -4.5576*A24^2 + 35.019*A24 - 0.928,=1.017*A24 + 21.458,,,,,,,,,,1.84320557491289,-0.22636775625371272
2.19468641114982,68.4668989547038,=-0.2941*A25*A25*A25*A25+ 5.7446*A25*A25*A25 - 40.396*A25*A25 + 108.91*A25-25.884,0.0794968472033907,=( -0.2941*4*A25*A25*A25 + 5.7446*3*A25*A25 - 40.396*2*A25 + 108.91)*A25/B25,=1.0781*A25^3 - 17.218*A25^2 + 71.931*A25 - 15.297,= -4.5576*A25^2 + 35.019*A25 - 0.928,=1.017*A25 + 21.458,,,,,Time Savings vs Price,,Variance Difference vs Price,,,2.19468641114982,-0.4204908929182908
2.62543554006968,68.4668989547038,=-0.2941*A26*A26*A26*A26+ 5.7446*A26*A26*A26 - 40.396*A26*A26 + 108.91*A26-25.884,0.0953962166440689,=( -0.2941*4*A26*A26*A26 + 5.7446*3*A26*A26 - 40.396*2*A26 + 108.91)*A26/B26,=1.0781*A26^3 - 17.218*A26^2 + 71.931*A26 - 15.297,= -4.5576*A26^2 + 35.019*A26 - 0.928,=1.017*A26 + 21.458,,,,Variable,Onset,Offset,Onset,Offset,,2.62543554006968,-0.6884860740511265
3.13153310104529,65.1567944250871,=-0.2941*A27*A27*A27*A27+ 5.7446*A27*A27*A27 - 40.396*A27*A27 + 108.91*A27-25.884,0.114475459972882,=( -0.2941*4*A27*A27*A27 + 5.7446*3*A27*A27 - 40.396*2*A27 + 108.91)*A27/B27,=1.0781*A27^3 - 17.218*A27^2 + 71.931*A27 - 15.297,= -4.5576*A27^2 + 35.019*A27 - 0.928,=1.017*A27 + 21.458,,,,Intercept,0.5527(0.05972)***,1.2965(0.02912)***,0.9566(0.03867)***,1.6636(0.01664)***,,3.13153310104529,-0.9926900984582978
3.65418118466898,60.1045296167247,=-0.2941*A28*A28*A28*A28+ 5.7446*A28*A28*A28 - 40.396*A28*A28 + 108.91*A28-25.884,0.137370551967459,=( -0.2941*4*A28*A28*A28 + 5.7446*3*A28*A28 - 40.396*2*A28 + 108.91)*A28/B28,=1.0781*A28^3 - 17.218*A28^2 + 71.931*A28 - 15.297,= -4.5576*A28^2 + 35.019*A28 - 0.928,=1.017*A28 + 21.458,,,,log(x),1.2587(0.07732)***,0.7953(0.03743)***,1.1413(0.05006)***,0.926(0.02139)***,,3.65418118466898,-1.2149094799328624
4.17378048780487,54.5296167247386,=-0.2941*A29*A29*A29*A29+ 5.7446*A29*A29*A29 - 40.396*A29*A29 + 108.91*A29-25.884,0.164844662360951,=( -0.2941*4*A29*A29*A29 + 5.7446*3*A29*A29 - 40.396*2*A29 + 108.91)*A29/B29,=1.0781*A29^3 - 17.218*A29^2 + 71.931*A29 - 15.297,= -4.5576*A29^2 + 35.019*A29 - 0.928,=1.017*A29 + 21.458,,,,r^2,0.8923,0.913,0.942,0.9657,,4.17378048780487,-1.4092995466750005
4.6729094076655,50.6968641114982,=-0.2941*A30*A30*A30*A30+ 5.7446*A30*A30*A30 - 40.396*A30*A30 + 108.91*A30-25.884,0.197813594833141,=( -0.2941*4*A30*A30*A30 + 5.7446*3*A30*A30 - 40.396*2*A30 + 108.91)*A30/B30,=1.0781*A30^3 - 17.218*A30^2 + 71.931*A30 - 15.297,= -4.5576*A30^2 + 35.019*A30 - 0.928,=1.017*A30 + 21.458,,,,,,,,,,4.6729094076655,-1.5768803399746798
5.11324041811846,42.5087108013937,=-0.2941*A31*A31*A31*A31+ 5.7446*A31*A31*A31 - 40.396*A31*A31 + 108.91*A31-25.884,0.237376313799769,=( -0.2941*4*A31*A31*A31 + 5.7446*3*A31*A31 - 40.396*2*A31 + 108.91)*A31/B31,=1.0781*A31^3 - 17.218*A31^2 + 71.931*A31 - 15.297,= -4.5576*A31^2 + 35.019*A31 - 0.928,=1.017*A31 + 21.458,,,,(std. error in parentheses),,,,,,5.11324041811846,-1.6135280972646584
5.53745644599303,37.8048780487804,=-0.2941*A32*A32*A32*A32+ 5.7446*A32*A32*A32 - 40.396*A32*A32 + 108.91*A32-25.884,0.284851576559723,=( -0.2941*4*A32*A32*A32 + 5.7446*3*A32*A32 - 40.396*2*A32 + 108.91)*A32/B32,=1.0781*A32^3 - 17.218*A32^2 + 71.931*A32 - 15.297,= -4.5576*A32^2 + 35.019*A32 - 0.928,=1.017*A32 + 21.458,,,,Significance,,,,,,5.53745644599303,-1.607937213949136
5.87848432055749,33.7979094076655,=-0.2941*A33*A33*A33*A33+ 5.7446*A33*A33*A33 - 40.396*A33*A33 + 108.91*A33-25.884,0.341821891871668,=( -0.2941*4*A33*A33*A33 + 5.7446*3*A33*A33 - 40.396*2*A33 + 108.91)*A33/B33,=1.0781*A33^3 - 17.218*A33^2 + 71.931*A33 - 15.297,= -4.5576*A33^2 + 35.019*A33 - 0.928,=1.017*A33 + 21.458,,,,* 0.05,,,,,,5.87848432055749,-1.7793876759477547
6.17857142857142,31.8815331010452,=-0.2941*A34*A34*A34*A34+ 5.7446*A34*A34*A34 - 40.396*A34*A34 + 108.91*A34-25.884,0.410186270246001,=( -0.2941*4*A34*A34*A34 + 5.7446*3*A34*A34 - 40.396*2*A34 + 108.91)*A34/B34,=1.0781*A34^3 - 17.218*A34^2 + 71.931*A34 - 15.297,= -4.5576*A34^2 + 35.019*A34 - 0.928,=1.017*A34 + 21.458,,,,** 0.01,,,,,,6.17857142857142,-2.0419325619050506
6.40418118466898,28.7456445993031,=-0.2941*A35*A35*A35*A35+ 5.7446*A35*A35*A35 - 40.396*A35*A35 + 108.91*A35-25.884,0.492223524295202,=( -0.2941*4*A35*A35*A35 + 5.7446*3*A35*A35 - 40.396*2*A35 + 108.91)*A35/B35,=1.0781*A35^3 - 17.218*A35^2 + 71.931*A35 - 15.297,= -4.5576*A35^2 + 35.019*A35 - 0.928,=1.017*A35 + 21.458,,,,*** 0.001,,,,,,6.40418118466898,-2.6326973531203817
6.63850174216027,27.0034843205574,=-0.2941*A36*A36*A36*A36+ 5.7446*A36*A36*A36 - 40.396*A36*A36 + 108.91*A36-25.884,0.590668229154242,=( -0.2941*4*A36*A36*A36 + 5.7446*3*A36*A36 - 40.396*2*A36 + 108.91)*A36/B36,=1.0781*A36^3 - 17.218*A36^2 + 71.931*A36 - 15.297,= -4.5576*A36^2 + 35.019*A36 - 0.928,=1.017*A36 + 21.458,,,,,,,,,,6.63850174216027,-3.92278958706468
6.8523519163763,22.4738675958188,=-0.2941*A37*A37*A37*A37+ 5.7446*A37*A37*A37 - 40.396*A37*A37 + 108.91*A37-25.884,0.708801874985091,=( -0.2941*4*A37*A37*A37 + 5.7446*3*A37*A37 - 40.396*2*A37 + 108.91)*A37/B37,=1.0781*A37^3 - 17.218*A37^2 + 71.931*A37 - 15.297,= -4.5576*A37^2 + 35.019*A37 - 0.928,=1.017*A37 + 21.458,,,,,,,,,,6.8523519163763,-5.502599888768817
7.07534843205574,18.2926829268292,=-0.2941*A38*A38*A38*A38+ 5.7446*A38*A38*A38 - 40.396*A38*A38 + 108.91*A38-25.884,0.850562249982109,=( -0.2941*4*A38*A38*A38 + 5.7446*3*A38*A38 - 40.396*2*A38 + 108.91)*A38/B38,=1.0781*A38^3 - 17.218*A38^2 + 71.931*A38 - 15.297,= -4.5576*A38^2 + 35.019*A38 - 0.928,=1.017*A38 + 21.458,,,,,,,,,,7.07534843205574,-8.753121910626888
7.27700348432055,14.9825783972125,=-0.2941*A39*A39*A39*A39+ 5.7446*A39*A39*A39 - 40.396*A39*A39 + 108.91*A39-25.884,1.02067469997853,=( -0.2941*4*A39*A39*A39 + 5.7446*3*A39*A39 - 40.396*2*A39 + 108.91)*A39/B39,=1.0781*A39^3 - 17.218*A39^2 + 71.931*A39 - 15.297,= -4.5576*A39^2 + 35.019*A39 - 0.928,=1.017*A39 + 21.458,,,,,,,,,,7.27700348432055,-14.4960978320221
7.44555749128919,12.0209059233449,=-0.2941*A40*A40*A40*A40+ 5.7446*A40*A40*A40 - 40.396*A40*A40 + 108.91*A40-25.884,1.22480963997423,=( -0.2941*4*A40*A40*A40 + 5.7446*3*A40*A40 - 40.396*2*A40 + 108.91)*A40/B40,=1.0781*A40^3 - 17.218*A40^2 + 71.931*A40 - 15.297,= -4.5576*A40^2 + 35.019*A40 - 0.928,=1.017*A40 + 21.458,,,,,,,,,,7.44555749128919,-27.565964735263634
7.58928571428571,9.75609756097561,=-0.2941*A41*A41*A41*A41+ 5.7446*A41*A41*A41 - 40.396*A41*A41 + 108.91*A41-25.884,1.46977156796908,=( -0.2941*4*A41*A41*A41 + 5.7446*3*A41*A41 - 40.396*2*A41 + 108.91)*A41/B41,=1.0781*A41^3 - 17.218*A41^2 + 71.931*A41 - 15.297,= -4.5576*A41^2 + 35.019*A41 - 0.928,=1.017*A41 + 21.458,,,,,,,,,,7.58928571428571,-47.94391512276769
7.71036585365853,6.09756097560975,=-0.2941*A42*A42*A42*A42+ 5.7446*A42*A42*A42 - 40.396*A42*A42 + 108.91*A42-25.884,1.7637258815629,=( -0.2941*4*A42*A42*A42 + 5.7446*3*A42*A42 - 40.396*2*A42 + 108.91)*A42/B42,=1.0781*A42^3 - 17.218*A42^2 + 71.931*A42 - 15.297,= -4.5576*A42^2 + 35.019*A42 - 0.928,=1.017*A42 + 21.458,,,,,,,,,,7.71036585365853,-108.55569186765463
7.81968641114982,3.48432055749128,=-0.2941*A43*A43*A43*A43+ 5.7446*A43*A43*A43 - 40.396*A43*A43 + 108.91*A43-25.884,2.11647105787548,=( -0.2941*4*A43*A43*A43 + 5.7446*3*A43*A43 - 40.396*2*A43 + 108.91)*A43/B43,=1.0781*A43^3 - 17.218*A43^2 + 71.931*A43 - 15.297,= -4.5576*A43^2 + 35.019*A43 - 0.928,=1.017*A43 + 21.458,,,,,,,,,,7.78658536585365,-146.6339743055868
7.91114982578397,1.74216027874564,=-0.2941*A44*A44*A44*A44+ 5.7446*A44*A44*A44 - 40.396*A44*A44 + 108.91*A44-25.884,2.53976526945057,=( -0.2941*4*A44*A44*A44 + 5.7446*3*A44*A44 - 40.396*2*A44 + 108.91)*A44/B44,=1.0781*A44^3 - 17.218*A44^2 + 71.931*A44 - 15.297,= -4.5576*A44^2 + 35.019*A44 - 0.928,=1.017*A44 + 21.458,,,,,,,,,,7.88937282229965,-325.2803563167581
,,,,,,,,,,,,,,,,,7.93858885017421,#DIV/0!
